模型,样点数,测试样本数,MSE,MAE,RMSE,SMAPE/%,实验口径
XGBoost,1000,131000,0.000020,0.003100,0.004500,1.2249,最终定稿结果；1985-2014训练，2015-2019验证，2020-2025测试
LightGBM,1000,131000,0.000040,0.004300,0.005100,2.0004,最终定稿结果；1985-2014训练，2015-2019验证，2020-2025测试
TimesFM,1000,131000,0.001560,0.028700,0.039400,7.5949,最终定稿结果；2020-2025测试
TimeGPT,1000,131000,0.005334,0.058059,0.073032,12.7488,TimeGPT API全量重跑；1985-2019历史输入，2020-2025测试
Informer,1000,131000,0.000220,0.011200,0.014700,3.6325,最终定稿结果；2020-2025测试
Autoformer,1000,131000,0.000500,0.016700,0.022300,5.1428,最终定稿结果；2020-2025测试
LSTM类模型,1000,131000,0.000630,0.026300,0.040300,1.5949,最终定稿结果；2020-2025测试
N-HiTS,1000,131000,0.000200,0.013700,0.015900,3.2229,最终定稿结果；2020-2025测试
