模型,样点数,测试样本数,MSE,MAE,RMSE,SMAPE,实验口径
XGBoost,1000,131000,2e-05,0.0031,0.0045,1.2249,最终定稿结果；1985-2014训练，2015-2019验证，2020-2025测试
LightGBM,1000,131000,4e-05,0.0043,0.0051,2.0004,最终定稿结果；1985-2014训练，2015-2019验证，2020-2025测试
TimesFM,1000,131000,0.00156,0.0287,0.0394,7.5949,最终定稿结果；2020-2025测试
TimeGPT,1000,131000,0.0019979515321209,0.0335394944116379,0.0446984511154575,8.303411662670431,TimeGPT API全量微调；finetune_steps=100；depth=1；loss=default；1985-2019历史输入，2020-2025测试
Informer,1000,131000,0.00022,0.0112,0.0147,3.6325,最终定稿结果；2020-2025测试
Autoformer,1000,131000,0.0005,0.0167,0.0223,5.1428,最终定稿结果；2020-2025测试
LSTM类模型,1000,131000,0.00063,0.0263,0.0403,1.5949,最终定稿结果；2020-2025测试
N-HiTS,1000,131000,0.0002,0.0137,0.0159,3.2229,最终定稿结果；2020-2025测试
