model,points,test_samples,MSE,MAE,RMSE,SMAPE
TimeGPT,1000,131000,0.002243422348685339,0.03601565885047074,0.047364779622472,8.757200130638152
