验证年份,训练样本数,验证样本数,MSE,MAE,RMSE,SMAPE
2016,752000,25000,1.8360140646198447e-05,0.0030651673808996774,0.00428487346910016,1.146046823227848
2017,777000,24000,1.365886479584301e-05,0.0026938008902876814,0.0036957901449951145,1.067819984469815
2018,801000,24000,1.6508031463918448e-05,0.0030140317627184257,0.004063007686913532,1.2125228884374137
2019,825000,25000,2.577758607784517e-05,0.003666301931738301,0.005077163191965093,1.4497429017476438
