模型名称,模块组成,输入特征,测试样本数,MSE,MAE,RMSE,SMAPE,说明
XGBoost,基础XGBoost预测器,"NDVI_prev1, NDVI_prev2, NDVI_prev3",131000,2.5527298668192196e-05,0.003650204671821281,0.005052454717084775,1.3467621650115196,使用测试期之前全部历史样本训练，输入为前三期NDVI。
EWMA-XGBoost,EWMA趋势记忆 + XGBoost,"NDVI_prev1, NDVI_prev2, NDVI_prev3, NDVI_ewma_3",131000,1.998717694606818e-05,0.003098606674367959,0.004470702064113441,1.2248993050165402,在基础输入上增加EWMA短期趋势记忆特征。
EWMA-RC-XGBoost,EWMA趋势记忆 + XGBoost + OOF残差校正,"基础预测值, 历史NDVI, EWMA, 差分残差特征",131000,1.1816581290286644e-05,0.0020772517720711392,0.003437525460311042,1.4078765010625038,使用训练期内部OOF残差训练校正模块，不使用测试集标签。
