model,points,test_samples,MSE,MAE,RMSE,SMAPE
TimeGPT,1000,131000,0.0041006380886332155,0.050032001579887755,0.06403622481559336,11.318827769378476
