model,points,test_samples,MSE,MAE,RMSE,SMAPE
TimeGPT,1000,131000,0.002139513007692097,0.034426535756849154,0.04625487009701894,8.479202928213162
