model,points,test_samples,MSE,MAE,RMSE,SMAPE
TimeGPT,1000,131000,0.004556267209084936,0.05311532297382649,0.06750012747458287,11.902957986069335
