model,points,test_samples,MSE,MAE,RMSE,SMAPE
TimeGPT,1000,131000,0.0038024797518075933,0.047992055677525375,0.06166425019253533,10.934842671935225
