model,points,test_samples,MSE,MAE,RMSE,SMAPE
TimeGPT,1000,131000,0.005333660164271375,0.058059088055330214,0.07303191195820752,12.748786688479619
