模型,实验口径,样点数,测试样本数,MSE,MAE,RMSE,SMAPE,备注
XGBoost,最新流水线，同一EWMA输入,1000,131000.0,1.998717269876037e-05,0.0030986064925082,0.0044707015890976,1.2248992780079595,与最终预测模型同数据、同特征、同训练/测试划分
LightGBM,最新流水线，同一EWMA输入,1000,131000.0,2.0143757847417837e-05,0.0030747139465846,0.004488179792234,1.200382202322739,与最终预测模型同数据、同特征、同训练/测试划分
TimesFM,zero-shot，早期1000点结果,1000,128000.0,0.0008831832442673623,0.021980032217535313,0.029718399086548424,6.086862221622827,早期预测文件重新计算MSE/MAE/RMSE/SMAPE
Informer,早期1000点深度模型结果,969,34884.0,0.0013037940821871616,0.02668146428672076,0.03610808887475439,6.281812179248374,早期预测文件重新计算MSE/MAE/RMSE/SMAPE
Autoformer,早期1000点深度模型结果,969,,0.0015373109369042192,0.029508345300185593,0.03541980086405028,,非最新同口径结果，仅用于基础模型探索对照
TFT,quick早期结果，仅5点,5,,0.0032333818497136207,0.05129471793770786,0.05609801180354266,,非最新同口径结果，仅用于基础模型探索对照
xLSTM,quick早期结果，仅5点,5,,0.0030367026804014974,0.047417922690510726,0.05239422524845246,,非最新同口径结果，仅用于基础模型探索对照
