model,points,test_samples,MSE,MAE,RMSE,SMAPE
TimeGPT,1000,131000,0.004025049831171586,0.04950100746264031,0.0634432804256809,11.23509864821617
