{
  "Linear": {
    "MSE_mean": 0.0,
    "MSE_median": 0.0,
    "MAE_mean": 0.0,
    "MAE_median": 0.0,
    "RMSE_mean": 0.0,
    "RMSE_median": 0.0,
    "SMAPE_mean": 0.0,
    "SMAPE_median": 0.0,
    "repeat_ratio": 1.017293997965412e-06,
    "max_repeat_run": 2,
    "valid_min": 984,
    "valid_median": 984.0,
    "valid_max": 984
  },
  "PCHIP": {
    "MSE_mean": 0.0,
    "MSE_median": 0.0,
    "MAE_mean": 0.0,
    "MAE_median": 0.0,
    "RMSE_mean": 0.0,
    "RMSE_median": 0.0,
    "SMAPE_mean": 0.0,
    "SMAPE_median": 0.0,
    "repeat_ratio": 1.017293997965412e-06,
    "max_repeat_run": 2,
    "valid_min": 984,
    "valid_median": 984.0,
    "valid_max": 984
  },
  "Kalman": {
    "MSE_mean": 0.0005320232397508321,
    "MSE_median": 0.0004679908833365006,
    "MAE_mean": 0.01655917365821552,
    "MAE_median": 0.01656438962356242,
    "RMSE_mean": 0.021996437095381988,
    "RMSE_median": 0.02163309599069639,
    "SMAPE_mean": 4.982326825424327,
    "SMAPE_median": 3.414474716223719,
    "repeat_ratio": 0.009138351983723297,
    "max_repeat_run": 34,
    "valid_min": 984,
    "valid_median": 984.0,
    "valid_max": 984
  },
  "SG": {
    "MSE_mean": 0.0015560820511921515,
    "MSE_median": 0.0013683122279344825,
    "MAE_mean": 0.02912306271760453,
    "MAE_median": 0.028879786291072837,
    "RMSE_mean": 0.03762103008570333,
    "RMSE_median": 0.0369906898343621,
    "SMAPE_mean": 8.427662154826564,
    "SMAPE_median": 5.9779913732458585,
    "repeat_ratio": 0.0,
    "max_repeat_run": 1,
    "valid_min": 984,
    "valid_median": 984.0,
    "valid_max": 984
  },
  "Whittaker": {
    "MSE_mean": 0.0011420297023306742,
    "MSE_median": 0.0009847211601113053,
    "MAE_mean": 0.02454566241680243,
    "MAE_median": 0.024195580356382175,
    "RMSE_mean": 0.032206888847397815,
    "RMSE_median": 0.03138026460264379,
    "SMAPE_mean": 7.2653292338056294,
    "SMAPE_median": 5.035938601740257,
    "repeat_ratio": 4.7812817904374364e-05,
    "max_repeat_run": 8,
    "valid_min": 984,
    "valid_median": 984.0,
    "valid_max": 984
  }
}