model,points,test_samples,MSE,MAE,RMSE,SMAPE
TimeGPT,1000,131000,0.0019979515321209514,0.03353949441163793,0.04469845111545759,8.303411662670431
